Epoch,Training Loss,Validation MRR,Learning Rate
1,26231.83032509542,0,0.001
2,22201.208789306213,0,0.001
3,20354.733993227936,0,0.001
4,18811.610988379816,0,0.001
