Epoch,Training Loss,Validation MRR,Learning Rate
1,40367.10299569845,0,0.001
2,28981.002863712725,0,0.001
