Epoch,Training Loss,Validation MRR,Learning Rate
1,40137.99337963808,0,0.001
2,28584.758653741406,0,0.001
