Epoch,Training Loss,Validation MRR,Learning Rate
1,28385.0530315702,0,0.001
2,22965.787787546305,0,0.001
3,21415.751259692264,0,0.001
4,20052.84215912554,0,0.001
