Epoch,Training Loss,Validation MRR,Learning Rate
1,28603.8881767011,0,0.001
2,22643.078048903633,0,0.001
3,21159.742044276405,0,0.001
4,19663.973953901095,0,0.001
